{"jan2015":{"exp1":0.1046235674,"exp2":0.7023131683,"exp3":0.9151757591,"exp4":0.2211121866},"feb2015":{"exp1":0.6041857574,"exp2":0.0863495111,"exp3":0.0969667212,"exp4":0.7665081569},"mar2015":{"exp1":0.5027751094,"exp2":0.8491439794,"exp3":0.3900991395,"exp4":0.5007391154},"apr2015":{"exp1":0.27904611,"exp2":0.5024250667,"exp3":0.8180846406,"exp4":0.1482886087}}